"sp","BOOTi","COMMON_NAME","growth_rate.tBMS","perc_change.tBMS","total_perc_change.tBMS","lowerCI_gr.tBMS","upperCI_gr.tBMS","lowerCI_perc.tBMS","upperCI_perc.tBMS","lowerCI_perc_tot.tBMS","upperCI_perc_tot.tBMS","growth_rate.WCBS","perc_change.WCBS","total_perc_change.WCBS","lowerCI_gr.WCBS","upperCI_gr.WCBS","lowerCI_perc.WCBS","upperCI_perc.WCBS","lowerCI_perc_tot.WCBS","upperCI_perc_tot.WCBS","growth_rate_diff"
2,0,"Small Tortoiseshell",0.91977665594509,-8.02233440549096,-71.474337216374,0.913991615825138,0.926065415152418,-8.60083841748624,-7.39345848475823,-74.0502499527425,-68.4045158703504,0.934781573739979,-6.52184262600206,-63.6376329848245,0.920804577324192,0.94856286702692,-7.91954226758085,-5.14371329730798,-70.9923648543808,-54.711097843188,-0.015004917794889
4,0,"Orange-tip",1.0063768335082,0.637683350819729,10.0042497280703,1.00191667153685,1.01082266913733,0.191667153684801,1.0822669137326,2.91390265882483,17.5234676005768,1.01537138662777,1.53713866277658,25.7111533861239,0.992042730334301,1.04085974694946,-0.79572696656991,4.08597469494581,-11.2934475701159,82.3405308275062,-0.00899455311956854
8,0,"Ringlet",0.978558636561723,-2.14413634382772,-27.7558285989727,0.973129127689407,0.984020710252317,-2.68708723105932,-1.59792897476835,-33.5404969908203,-21.4649353812137,0.97113044478229,-2.88695552177095,-35.5588115932793,0.958750809297961,0.983424825675817,-4.12491907020388,-1.6575174324183,-46.8398546223577,-22.1752768253085,0.00742819177943232
17,0,"Silver-washed Fritillary",0.983086245055373,-1.69137549446272,-22.5762334840366,0.970208440029165,0.997323526436369,-2.9791559970835,-0.26764735636308,-36.4704576752412,-3.94035888373821,1.0124884195526,1.2488419552604,20.4622496339241,0.98489661389915,1.04212208705859,-1.51033861008497,4.21220870585901,-20.4097863191662,85.6881220749918,-0.0294021744972313
27,0,"Holly Blue",1.06608942548257,6.60894254825704,161.158721717309,1.05717485603893,1.07518271225896,5.71748560389272,7.51827122589631,130.251453621548,196.642993430205,1.08643798120554,8.64379812055374,246.796014730261,1.06876200132452,1.10743736103853,6.87620013245179,10.7437361038533,171.153415994678,362.154905374307,-0.020348555722967
29,0,"Small Heath",1.0108045868589,1.08045868589033,17.4919360143533,1.00301823261685,1.01988464077948,0.301823261684695,1.98846407794844,4.62426443658239,34.3586935279805,1.00233874000386,0.233874000386369,3.56612805700462,0.98628769468118,1.02124457011772,-1.37123053188203,2.12445701177215,-18.7067956440622,37.0712606109085,0.00846584685503959
54,0,"Brimstone",1.04570457089382,4.57045708938217,95.4947485008713,1.04094305300622,1.05044703119761,4.09430530062199,5.0447031197607,82.5595551229004,109.224418678079,1.04822615108754,4.82261510875408,102.686514240005,1.03054289843736,1.06829692151937,3.05428984373557,6.82969215193743,57.0330712979988,169.388875660225,-0.00252158019371906
68,0,"Small Copper",0.972347042050734,-2.7652957949266,-34.3371905164385,0.959426345702591,0.984513369634177,-4.05736542974089,-1.54866303658229,-46.2752253827901,-20.8730778314447,0.983538458388052,-1.64615416119477,-22.0402933982719,0.966424412843831,1.00129647532703,-3.3575587156169,0.129647532702957,-40.0873658040004,1.96246183438678,-0.0111914163373183
75,0,"Meadow Brown",1.02008511953809,2.0085119538092,34.7554024147119,1.01630751044847,1.02446925143576,1.63075104484656,2.44692514357619,27.4609130193117,43.7089841333804,1.03056933635795,3.05693363579544,57.0935103098412,1.0217290474346,1.03913531734859,2.17290474345979,3.91353173485877,38.049905862109,77.861350430235,-0.0104842168198624
76,0,"Gatekeeper",1.02436877882618,2.43687788261837,43.4977199661416,1.01918859200332,1.02933689333781,1.91885920033202,2.93368933378097,32.989795618972,54.2989927566465,1.01795964446478,1.79596444647823,30.6045840869669,1.00967119698656,1.0267166131388,0.967119698655936,2.67166131388039,15.5312616154546,48.5110753547746,0.00640913436140145
78,0,"Marbled White",1.03816980000822,3.81698000082236,75.3984975079549,1.03081275215918,1.04543629741989,3.08127521591846,4.54362974198948,57.6510037642023,94.7437912022037,1.03723388486114,3.72338848611449,73.0415677288202,1.01184708992651,1.06874689622869,1.18470899265061,6.87468962286936,19.322786292153,171.096076868177,0.000935915147078692
84,0,"Peacock",0.994537395300085,-0.546260469991511,-7.88788312781971,0.989215707343921,1.00046368002288,-1.07842926560792,0.04636800228835,-15.0105422773442,0.697782068878162,1.00554404440654,0.554404440653955,8.64668303832106,0.99489453023395,1.0165483226965,-0.510546976604996,1.65483226965039,-7.39047656736348,27.91469243461,-0.0110066491064547
88,0,"Large Skipper",0.974420542916117,-2.55794570838825,-32.205186719717,0.966587750067689,0.981837163285667,-3.34122499323109,-1.81628367143329,-39.9353012750817,-24.0387442701786,0.977967388453427,-2.20326115465732,-28.4078188388183,0.958508259419031,0.99915412607673,-4.14917405809695,-0.0845873923270126,-47.0412236339683,-1.26132403443144,-0.00354684553730933
93,0,"Speckled Wood",0.987337221136645,-1.26627788633554,-17.3995061978566,0.983463983711461,0.991133054404516,-1.65360162885394,-0.886694559548441,-22.1287940784887,-12.5057715021684,0.990707057096324,-0.929294290367633,-13.0681645735912,0.98268790565158,0.998871901704271,-1.73120943484202,-0.112809829572919,-23.045474317737,-1.67884556887027,-0.0033698359596791
94,0,"Wall",1.00137681366705,0.137681366704889,2.08524371012848,0.988035424542178,1.01417042000837,-1.19645754578222,1.41704200083694,-16.5189804592059,23.4991885790214,0.992488656123554,-0.751134387644592,-10.6934579247904,0.964459823230089,1.02526163972127,-3.55401767699107,2.5261639721267,-41.8884952616567,45.3853437649117,0.00888815754349481
98,0,"Large White",0.983158221756672,-1.68417782433277,-22.4911611270731,0.978569466847543,0.987942883841736,-2.14305331524571,-1.20571161582643,-27.7438318941726,-16.636188979844,0.979792905997508,-2.02070940024922,-26.3768558329002,0.971158047318367,0.988433084255902,-2.8841952681633,-1.15669157440984,-35.5313317962622,-16.0135636779155,0.00336531575916454
99,0,"Green-veined White",0.951011977387435,-4.89880226125653,-52.9250573614692,0.945331374974247,0.957041787557633,-5.46686250257532,-4.29582124423672,-56.9710170007477,-48.2436651429995,0.95735548943566,-4.26445105643399,-47.9886079145856,0.94844558793162,0.966085466758232,-5.15544120683798,-3.39145332417681,-54.7950167401298,-40.4017875775935,-0.00634351204822536
100,0,"Small White",0.995689663606532,-0.431033639346778,-6.27402213781013,0.991484996587379,1.00009299587316,-0.851500341262127,0.00929958731612359,-12.0385860563229,0.139589636163511,1.00594267413325,0.594267413324889,9.29454411729995,0.99798544113627,1.01357232729615,-0.201455886373019,1.35723272961496,-2.97959362266894,22.4112051299019,-0.0102530105267167
104,0,"Comma",0.985859188192508,-1.41408118074919,-19.2349760535137,0.980391094575797,0.991642084702218,-1.9608905424203,-0.835791529778176,-25.6997343428008,-11.8293084041633,0.999214856950324,-0.0785143049675696,-1.17126382389409,0.9905842766303,1.00785795102535,-0.941572336969989,0.785795102534719,-13.2296291084678,12.4578807225734,-0.0133556687578162
106,0,"Common Blue",0.962002174958067,-3.79978250419333,-44.0705164867032,0.956081490307098,0.9679745653064,-4.39185096929023,-3.20254346936001,-49.0172025073441,-38.6295667228753,0.959597362322793,-4.04026376772074,-46.1314007039206,0.947835651398558,0.972614700979882,-5.2164348601442,-2.73852990201175,-55.2291230134606,-34.0655414652563,0.00240481263527415
119,0,"Essex Skipper",1.03524579043926,3.52457904392631,68.1326656268544,1.00826440565107,1.06550307567149,0.826440565107245,6.55030756714894,13.1401624891854,159.012573918112,1.01675004528159,1.67500452815876,28.2959675274863,0.976461472401585,1.05231540593245,-2.35385275984152,5.2315405932451,-30.0437195686585,114.876514659554,0.0184957451576755
120,0,"Small Skipper",0.998663513394949,-0.133648660505103,-1.98608302953057,0.985919980857055,1.01085502322361,-1.40800191429453,1.08550232236073,-19.1602385356486,17.5799046193071,1.00804419899753,0.804419899753261,12.7700105146241,0.989199484077676,1.02598724097538,-1.08005159223235,2.59872409753792,-15.031436499501,46.936408343291,-0.00938068560258365
122,0,"Red Admiral",1.0564459195352,5.64459195351952,127.881489876545,1.05108380451596,1.06241811475504,5.10838045159612,6.2418114755041,111.134970132726,147.98876589529,1.05685886326499,5.68588632649862,129.221267135255,1.0476040111208,1.0672717159805,4.7604011120802,6.72717159804969,100.889525341287,165.53697507622,-0.00041294372979106
