"COMMON_NAME","ngr_tBMS","ngr_lower_tBMS","ngr_upper_tBMS","vcov_sum_tBMS","chat_tBMS","ngr_wcbs","ngr_lower_wcbs","ngr_upper_wcbs","vcov_sum_wcbs","chat_wcbs"
"Brimstone",-0.0892639266386184,-0.151269003620685,-0.0272588496565518,0.00027822756025518,3.59714688897027,-0.332552838434273,-0.560202784303566,-0.10490289256498,0.00708115717068307,1.90517417873052
"Comma",-0.962430235785714,-1.02174308158586,-0.903117389985569,0.000335050299630899,2.73332536020972,-0.789605600237408,-0.937634117132817,-0.641577083341999,0.00330351794778432,1.72670411184505
"Common Blue",-1.14058828181288,-1.21290280588799,-1.06827375773777,7.89597029134158e-05,17.2404809496365,-1.44253338010862,-1.65472701395353,-1.23033974626372,0.00275769584214077,4.25032514232178
"Essex Skipper",0.0759777488415969,-0.0957582112904954,0.247713708973689,0.00112504290203172,6.82428599091111,-0.565498348210621,-1.01095991108312,-0.120036785338119,0.00953169860145266,5.41943472311903
"Gatekeeper",0.00930747037298973,-0.0339252948093982,0.0525402355553777,1.84191976094927e-05,26.4155184467448,-0.0711669324474485,-0.165855915022368,0.023522050127471,0.000219823500667006,10.617654727051
"Green-veined White",-1.47208246266852,-1.53449949334693,-1.40966543199011,8.95017780872335e-05,11.3312641433727,-1.18776870266745,-1.31410755083874,-1.06142985449616,0.000544752660715579,7.62743093847208
"Holly Blue",0.231647468314485,0.0748530653644401,0.388441871264531,0.00239397773658883,2.67328229540338,0.683502291229807,0.354214100931429,1.01279048152818,0.015111014424478,1.86793822050272
"Large Skipper",-0.305727929655137,-0.394052718553382,-0.217403140756892,0.000260429017443668,7.79793591545361,-0.451107872017484,-0.728993745947004,-0.173221998087964,0.00562347043063301,3.57464026392605
"Large White",-1.57606834379002,-1.62850262240506,-1.52363406517498,6.68154031263166e-05,10.7116856634683,-1.40825492866977,-1.5095707905295,-1.30693906681003,0.000357660360486331,7.47115754261333
"Marbled White",0.163215955405417,0.0854869978853052,0.240944912925529,6.7021912701959e-05,23.4667359369597,0.366226948330424,0.0896513088683558,0.642802587792492,0.00297588271374579,6.69138252225515
"Meadow Brown",0.0683140622843274,0.0286032294208927,0.108024895147762,8.37728616955153e-06,49.002524908561,0.052682157562661,-0.0362302672381876,0.14159458236351,0.000134100767830738,15.3460801535219
"Peacock",-0.960915726541859,-1.02816507259939,-0.89366638048433,0.000113182900183032,10.401575626119,-0.911087992168778,-1.06832180883003,-0.753854175507528,0.00125138468489815,5.14286229059094
"Red Admiral",0.368316248067032,0.29171547759919,0.444917018534874,0.000353790215893855,4.31741976574058,0.41068967255759,0.27710016895556,0.544279176159619,0.00191098596042061,2.43103378097208
"Ringlet",-0.546991395280594,-0.599545090107978,-0.494437700453211,2.39525188937094e-05,30.0164367738875,-0.492624941184956,-0.647361598250093,-0.337888284119819,0.000424279812690002,14.6905437109438
"Silver-washed Fritillary",-0.837811443106024,-0.926834156440886,-0.748788729771162,0.000335434366247659,6.1503228912175,0.0370271773598849,-0.358407165528699,0.432461520248469,0.0170436724620184,2.38830290744623
"Small Copper",-1.19349080375647,-1.28244045843459,-1.10454114907836,0.000521044051596371,3.95291893912842,-1.10823867635952,-1.37303591948556,-0.843441433233469,0.0100269635518972,1.82037683436823
"Small Heath",-0.0137700418486615,-0.087446590893525,0.0599065071962019,0.000132839823443549,10.6373654425526,-0.0991670307283096,-0.353702055510784,0.155367994054165,0.00356751782947995,4.72751339110933
"Small Skipper",-0.487946792310747,-0.588322416706891,-0.387571167914602,0.000137213257572077,19.1145581194377,-0.147489358174256,-0.407543602227782,0.11256488587927,0.00236987605018632,7.42858466625576
"Small Tortoiseshell",-2.79509097088251,-2.94193761204217,-2.64824432972286,0.00106582327821434,5.26679787066149,-2.53099006827604,-2.80472207883291,-2.25725805771917,0.00409059536491469,4.76835379082662
"Small White",-1.233149073328,-1.29103436954446,-1.17526377711153,6.14424985594785e-05,14.1961791093661,-0.961321397619605,-1.06660984804926,-0.85603294718995,0.000269377228870903,10.7128347337216
"Speckled Wood",-0.53361134971411,-0.572587597498572,-0.494635101929648,6.28618181647953e-05,6.29096016301796,-0.63919617935958,-0.732791267035911,-0.545601091683249,0.000667895299533105,3.41429892911791
"Wall",-0.288078264027739,-0.404047261292565,-0.172109266762914,0.000987388480561062,3.54568022976352,-1.20249808787945,-1.54673777448645,-0.858258401272439,0.00914775871731075,3.37218189437427
